run_name,epoch,train_accuracy,train_macro_f1,train_loss,train_name_norm_loss,train_material_group_loss,train_fragm_norm_loss,val_accuracy,val_macro_f1,val_loss,val_name_norm_loss,val_material_group_loss,val_fragm_norm_loss,lr_backbone,lr_head
sim_hybrid_entropy_diversity_budget_100,1,0.576271186440678,0.5689730381503536,0.9964366517369709,0.7193840784685952,0.7070122578787426,0.32474441790864583,0.6206896551724138,0.555512795107951,0.7611373960971832,0.5834154165708102,0.4547719623033817,0.20645188425595945,0.00015,0.0007
sim_hybrid_entropy_diversity_budget_100,2,0.7676969092721835,0.7945700448381808,0.645775005930946,0.47377038427761625,0.39649602960026453,0.26527905203993357,0.6847290640394089,0.7436061128782961,0.695074411538931,0.5319966719700739,0.39356262523394364,0.22504470611994082,0.00014486186844451181,0.0006739287398851157
sim_hybrid_entropy_diversity_budget_100,3,0.8325024925224327,0.8559121762866918,0.5295908063177078,0.39759817482933163,0.2995386175693028,0.21065520577960545,0.6699507389162561,0.7284625015962106,0.716516918860949,0.5445239704388839,0.41879354073451114,0.23177433816286233,0.00013022970773009191,0.0005996840725563925
sim_hybrid_entropy_diversity_budget_100,4,0.8903290129611167,0.9002495727308361,0.46667138971979655,0.35325745836136835,0.2500238238819062,0.19203391671180725,0.7142857142857143,0.7167553971368891,0.6976573238006005,0.5344201005422152,0.38141718162940097,0.24406036448020202,0.00010833113168464354,0.0004885690755850432
sim_hybrid_entropy_diversity_budget_100,5,0.922233300099701,0.9316307544930668,0.4184822454338982,0.31921890567219446,0.2222856701839538,0.16288819696222032,0.7142857142857143,0.6590041797080772,0.695711062504695,0.5296701788902283,0.3849869038049991,0.2527240268312968,8.249999999999997e-05,0.00035749999999999996
