run_name,epoch,train_accuracy,train_macro_f1,train_loss,train_name_norm_loss,train_material_group_loss,train_fragm_norm_loss,val_accuracy,val_macro_f1,val_loss,val_name_norm_loss,val_material_group_loss,val_fragm_norm_loss,lr_backbone,lr_head
sim_random_budget_50,1,0.5580890336590663,0.5513916232824486,1.0499089360237122,0.744099228032704,0.7749699192314312,0.36659358595979624,0.6206896551724138,0.5541755498052491,0.7545607731892512,0.5747322554771717,0.4391278773546219,0.2404507822715319,0.00015,0.0007
sim_random_budget_50,2,0.7839305103148752,0.8171537466922818,0.6367857574388899,0.4719737516394977,0.3937853744317745,0.2333819311240624,0.6748768472906403,0.6168468717857821,0.730323443045983,0.5656875119759486,0.4068555121238415,0.2128963888837741,0.00014486186844451181,0.0006739287398851157
sim_random_budget_50,3,0.8479913137893594,0.8723270463202384,0.5297794629787577,0.39268658592783173,0.31396249296336337,0.2145206287246326,0.6896551724137931,0.6419009788856448,0.7374586462974548,0.5668841279470004,0.4067028359724925,0.24281828993788132,0.00013022970773009191,0.0005996840725563925
sim_random_budget_50,4,0.8903365906623235,0.9075608191105939,0.46251841351903716,0.3529976370005772,0.2533502422016242,0.16757850027803717,0.7192118226600985,0.6692842485406086,0.7151758349858798,0.5505202366755559,0.40336833091882557,0.21822549001528666,0.00010833113168464354,0.0004885690755850432
sim_random_budget_50,5,0.9315960912052117,0.9412574260271981,0.413297336163192,0.31675869920130434,0.2163144144518622,0.15822154566131788,0.7093596059113301,0.6275464532279453,0.7294512803737934,0.5654781437837161,0.39671705663204193,0.22479009083830392,8.249999999999997e-05,0.00035749999999999996
sim_random_budget_50,6,0.9348534201954397,0.94493808975804,0.39673720968180687,0.3053553882857849,0.20852779648427305,0.14411741071220102,0.7093596059113301,0.6174047641034435,0.7207228380900162,0.5495044657817254,0.4043257568891232,0.2496032161781421,5.6668868315356426e-05,0.00022643092441495676
sim_random_budget_50,7,0.9663409337676439,0.9694012093155912,0.3652470826074995,0.2866667927852992,0.1754890712427682,0.12966784089803696,0.7044334975369458,0.6253002957134957,0.7295493300144489,0.5580679613810319,0.4041889642293637,0.2511234082854711,3.477029226990804e-05,0.0001153159274436075
