field,missing_rate
execorg,0.673866090712743
survyear,0.6177105831533477
size,0.13174946004319654
cultlayer,0.07919366450683946
fragm_raw,0.0014398848092152627
description,0.0014398848092152627
name_raw,0.0
material_raw,0.0
