budget,pure_uncertainty_mean_cosine,hybrid_mean_cosine
50,0.37059348821640015,0.3422989249229431
100,0.3585984408855438,0.3483459949493408
